{"cameraMode":{"drawMode":0,"name":"Shaded","section":"Shading Mode"},"sceneLighting":true,"audioPlay":false,"sceneViewState":{"m_AlwaysRefresh":false,"showFog":true,"showSkybox":true,"showFlares":true,"showImageEffects":true,"showParticleSystems":true,"showVisualEffectGraphs":true,"m_FxEnabled":true},"in2DMode":false,"pivot":{"x":0.2560160160064697,"y":1.0705199241638184,"z":-1.3362948894500733},"rotation":{"x":0.18577586114406587,"y":-0.5858539938926697,"z":0.14020438492298127,"w":0.7762776017189026},"size":6.740729331970215,"orthographic":false}